{"_step":29,"loss":7.921741008758545,"epoch":10,"epoch_loss":15.85368824005127,"_wandb":{"runtime":42},"batch_idx":2,"_timestamp":1.7327434313402028e+09,"_runtime":42.9625857}