{"loss":7.998140811920166,"epoch":10,"batch_idx":2,"_timestamp":1.7327431104771786e+09,"_runtime":42.5219456,"_step":29,"epoch_loss":16.057058811187744,"_wandb":{"runtime":42}}