{"epoch":1,"batch_idx":1278,"_timestamp":1.7327606961314964e+09,"_runtime":2425.6800927,"_step":1277,"_wandb":{"runtime":2429},"loss":5.227696895599365}