{"loss":6.106374740600586,"epoch":1,"batch_idx":102,"_timestamp":1.7328084934189749e+09,"_runtime":58.7530471,"_step":102,"status":"interrupted","_wandb":{"runtime":58}}