{"_wandb":{"runtime":12},"_step":8,"batch_loss":10.486302375793457,"_timestamp":1.7327400314895267e+09,"_runtime":12.6688741,"epoch_loss":0}