{"_wandb":{"runtime":142},"batch_idx":32,"_timestamp":1.7327878313486223e+09,"_runtime":142.7847177,"_step":32,"loss":7.072905540466309,"epoch":1,"status":"interrupted"}