{"loss":4.565755367279053,"epoch":1,"batch_idx":8354,"_timestamp":1.7328203153193357e+09,"_runtime":11756.44613,"_step":8354,"status":"interrupted","_wandb":{"runtime":11756}}