{"_runtime":13.5010099,"_step":8,"epoch_loss":0,"_wandb":{"runtime":23},"batch_loss":10.555904388427734,"_timestamp":1.7327399878619504e+09}