{"epoch_loss":4.564164971693968,"_wandb":{"runtime":3228},"_step":1579,"loss":3.549224853515625,"epoch":10,"batch_idx":157,"_timestamp":1.7327469164036193e+09,"_runtime":3228.0318114}