{"_runtime":12.6318381,"_step":8,"epoch_loss":0,"_wandb":{"runtime":12},"batch_loss":10.532927513122559,"_timestamp":1.732740110991333e+09}