{"epoch":1,"batch_idx":1278,"_timestamp":1.7327939129982271e+09,"_wandb":{"runtime":629},"_runtime":628.7264117,"_step":1277,"loss":5.232296943664551}