{"_step":29,"epoch_loss":7.960651159286499,"_wandb":{"runtime":55},"loss":7.969755172729492,"epoch":10,"batch_idx":2,"_timestamp":1.7327436527245042e+09,"_runtime":55.1587963}