{"_runtime":13.6819415,"_step":8,"batch_loss":10.587292671203613,"_timestamp":1.732740997911392e+09,"epoch_loss":0,"_wandb":{"runtime":13}}