{"loss":3.226803779602051,"epoch":2,"batch_idx":1220,"_timestamp":1.7328592950178988e+09,"epoch_loss":4.462082854699378,"_wandb":{"runtime":32108},"_runtime":32105.1981629,"_step":18661}