{"batch_idx":2,"_timestamp":1.732742505442271e+09,"_runtime":9.2187961,"_step":11,"epoch_loss":0,"_wandb":{"runtime":11},"loss":10.84949016571045,"epoch":10}