{"batch_idx":1278,"_timestamp":1.7327909879199297e+09,"_runtime":3075.3668649,"_step":1277,"_wandb":{"runtime":3078},"loss":5.238591194152832,"epoch":1}