{"_timestamp":1.73274056265441e+09,"_runtime":12.8837659,"_step":8,"epoch_loss":0,"_wandb":{"runtime":12},"batch_loss":10.50659465789795}